Tim Burton,director
James Marshall,director
Gandja Monteiro,director
Alfred Gough,scriitor
Miles Millar,scriitor
Kayla Alpert,scriitor
April Blair,scriitor
Matt Lambert,scriitor
Jenna Ortega,actor
Gwendoline Christie,actor
Riki Lindhome,actor
Emma Myers,actor
Joy Sunday,actor
Naomi J. Ogawa,actor
Christina Ricci,actor
Jamie McShane,actor
Hunter Doohan,actor
Percy Hynes White,actor
Georgie Farmer,actor
Johnna Dias-Watson,actor
Oliver Watson,actor
Victor Dorobantu,actor
Moosa Mostafa,actor
Daniel Himschoot,actor
Luyanda Unati Lewis-Nyawo,actor
Iman Marson,actor
Calum Ross,actor
Cezar Grumazescu,actor
Tommie Earl Jenkins,actor
Catherine Zeta-Jones,actor
Morgan Beale,actor
George Burcea,actor
Islam Bouakkaz,actor
William Houston,actor
Karina Varadi,actor
Rina Mahoney,actor
Georgia Goodman,actor
Murray McArthur,actor
Fred Armisen,actor
Luis Guzman,actor
Olimpia Malai,actor
Isaac Ordonez,actor
Nitin Ganatra,actor
Lucius Hoyos,actor
Cheherezade Valentine Okotaka Ebale,actor
Oliver Wickham,actor
Edward Kennedy,actor
Ismail Kesu,actor
Caroline Lawrie,actor
Lachele Carl,actor
Gwen Jones,actor
Lisa O'Hare,actor
Sophia Nomvete,actor
Amanda Drew,actor
Ryan Ellsworth,actor
Gloria Garcia,actor
Gracy Goldman,actor
Lewis Hayes,actor
Philip Rosch,actor
Michael Okele,actor
Chloe Cate,actor
Kayla Alpert,productie
Gail Berman,productie
Tim Burton,productie
Jonathan Glickman,productie
Carla Gonzalez Vargas,productie
Alfred Gough,productie
Tommy Harper,productie
Nick Iannelli,productie
Kevin Lafferty,productie
Miles Millar,productie
David Minkowski,productie
Kevin Miserocchi,productie
Andrew Mittman,productie
Carmen Pepelea,productie
Steve Stark,productie
Natalie Testa,productie
Todd Williams,productie
Chris Bacon,productie
Danny Elfman,productie
Stephan Pehrsson,productie
David Lanzenberg,productie
Ana Yavari,productie
Jay Prychidny,productie
Paul G. Day,productie
Florina Fernandes,productie
Sophie Holland,productie
John Papsidera,productie
Mark Scruton,productie
Adrian Curelea,productie
Ghinea Diana,productie
Silvia Nancu,productie
Andrei-Florian Popa,productie
Serban Porupca,productie
Vlad Roseanu,productie
Roxana Alexandru,productie
Carmen Ratoi,productie
Laurentiu Zarnoianu,productie
David Morison,productie
Rob Hepburn,productie
Colleen Atwood,productie
Bianca Boeroiu,productie
Catalin Ciutu,productie
Natalie L Costello,productie
Julian Hutcheson,productie
Nirvana Jalalvand,productie
Grace McComisky,productie
Tara McDonald,productie
Dominic Mombrun,productie
Angela Ruiz Morales,productie
Paraschiv Oana,productie
Alexandru Sassu,productie
Bas Schwarz,productie
Ruben Serra,productie
Margo Stefan,productie
Viktoria Stieber,productie
Sinead Sweeney,productie
Iuliana Temelie,productie
Clara Tudose,productie
Raquel Alvarez,productie
Freda Ellis,productie
Ripley Dale-Gulston,productie
Olimpia Stoicea,productie
Tia Costell,productie
Susan Cole,productie
Jean Carlos de Blas,productie
Gabriella Havens,productie
Sheherezada Kouchaki,productie
Raluca Moldoveanu,productie
Andrea Dardea Tesdall,productie
Nicoleta Toader,productie
Natalie Fox,productie
Niki De Jong,productie
Ionel Popa,productie
Athina Sapanidis,productie
Razvan Badea,productie
Irene Iovan Calangiu,productie
Alexandru Cseh,productie
Emma Mallett,productie
Alexandru Acsinte,productie
Emilie Balusson,productie
Bianca Bumbacea,productie
Simona Dinu,productie
Mariana Grama,productie
Mircea Hategan,productie
Stefania Ispas,productie
Loyzo,productie
Raphael Tudor,productie
Costin Sforaru,productie
Sabina Balan,productie
Brett Chan,productie
Ada Dumitru,productie
Emyr Glyn Rees,productie
Jessica Kirec,productie
George Walker,productie
Richard O'Brien-Moran,productie
Mihaela Ionita,productie
Alexandra Popa,productie
Alexandru Trandafira,productie
Sucioaia Alexandra,productie
Tache Alexandru,productie
Corneliu Mihai Bonciu,productie
Rachel Garlick,productie
Florin Gavrila,productie
Adi Handac,productie
Dana Ilie,productie
Alexandru Titus Ipate,productie
Simona Maican,productie
Cristian Mihaila,productie
Cosmin Miroiu,productie
Amalia Mititelu,productie
Pietro Nume,productie
Iulia Petrescu,productie
Madalina Ripanu,productie
Geaniloni Sandru,productie
Eusebiu Sirbu,productie
Cristina Stefan,productie
Alexandra Tudor,productie
Laurentiu Zarnoianu,productie
Liviu Antonescu,productie
Madalina Ciosu,productie
Tudor Iordachescu,productie
Anca Iscru,productie
Ana Neag,productie
Iulia Pasarica,productie
Andreea Siminea,productie
Amy Lockwood,productie
Andrew Cherry,productie
Cristian Darstar,productie
Adrian Curelea,productie
Serban Porupca,productie
Radu Costache,productie
Jennifer Keen,productie
Karen Krizanovich,productie
Ben Livingstone,productie
Yohann Angelvy,productie
Michael Baskerville,productie
Nicolae Comarzan,productie
Tony Diaz,productie
Arturo A. Fuenmayor,productie
Alastair Gray,productie
Justin Helle,productie
John Loranger,productie
Liviu Lupsa,productie
Kristi McIntyre,productie
Sean Miller,productie
Faustine Pelipel,productie
Dan Sexton,productie
Alex Stylianou,productie
Jamie Sulek,productie
Mike Tehrani,productie
Marcus Byrne,productie
Greg Crawford,productie
Juan Martin Del Campo,productie
Tim McKeever,productie
Simon Diggins,productie
Jonathan Gomez,productie
Nathan Jackson,productie
William Kellerman,productie
Leslie Liu,productie
Ana Quiroga,productie
Dan Barcutean,productie
Max Costello,productie
Florin Stoian,productie
Harry Troughton,productie
Jason Troughton,productie
Adrian Nica,productie
Ilinca Angelescu,productie
Yovko Dogandjiiski,productie
Antonia Tocheva,productie
Matthew Adams,productie
Oana Bardan,productie
Craig Calvert,productie
Kevin Chandoo,productie
Nick Colangelo,productie
John Coldrick,productie
Sam Cole,productie
Chris Cooper,productie
Roger Dalupang,productie
Swedyl DSouza,productie
Maxime Ducharme,productie
Paula Fanaia,productie
Mariah Fleetham,productie
Kathryn Foster,productie
Ben Funk,productie
Keith Goh,productie
Kari-Lyn Gravel,productie
Jon Howard,productie
Kent Johnson,productie
Anna Joukova,productie
Jesse Kawzenuk,productie
Grant Lee,productie
Jake Lunt Davies,productie
Dumitrana Teodora Lupu,productie
Amy Madigan,productie
Yael Majors,productie
Mariano Mendoza,productie
Guillermo Molina,productie
Skye Morandin,productie
Tom Nagy,productie
Ken Nielsen,productie
Razvan Nineaca,productie
Anthony O'Connell,productie
Catalin Otelea,productie
Matei Ovejan,productie
Alessandro Pantanella,productie
Travis Pond,productie
Yawar Raja,productie
Aditya Sawant,productie
Matt Schofield,productie
Ksenia Shutova,productie
Mark Simone,productie
Denis St-Pierre,productie
Ryan Terk,productie
Jason Teske,productie
Tom Turnbull,productie
Fabian Varela,productie
Kelly Weisz,productie
Angela Zhang,productie
Kayden Anderson,productie
Eddie Englander,productie
Rashid Khallouk,productie
Timothy Mah,productie
Michael Osuszek,productie
Rodrigo Paiva,productie
Suresh Pandi,productie
Francois Robert,productie
Adam Smith,productie
Sarvesh Amre,productie
Benoit Briere,productie
Paul Chambers,productie
Dipak Gaur,productie
Taraknath Ghosh,productie
Baz Lanaris,productie
Prateek Mishra,productie
Erin Nicholson,productie
Bikram Singh,productie
Khushroo Surveyor,productie
Ramesh Kumar Yanagandhula,productie
Lynx Zuo,productie
Patti Gannon,productie
Tanya Haddad,productie
JoAnna Johnson,productie
Luca Lim Diniz,productie
Brodie McNeill,productie
Tabata Ortiz,productie
Nishant Patel,productie
Umapathy Rajarathinam,productie
Genesis Rivas,productie
Manish Rohith,productie
Luca Gabriele Rossetti,productie
Salil Thapa,productie
Fran�ois Trudel,productie
Wesley While,productie
Kaylie Whitcher,productie
Sarah Wormsbecher,productie
Summer Zong,productie
Oksana Andrulis,productie
David Dionne,productie
Josh George,productie
James Takashi Higuchi,productie
Christopher Jude,productie
Jose Lasa,productie
Marco Lee,productie
Dinaaz Mathur,productie
Ben McDougal,productie
Sumit Mukherjee,productie
Isha Nigam,productie
Ryan Jae Wook Park,productie
Gustavo Sanchez-Perez,productie
Kyle Sim,productie
Pankaj Umbarkar,productie
Sahil Agrahari,productie
Chris Archinet,productie
Ajay Kumar Attinti,productie
Samuel Boisvert,productie
Reine Bourgault,productie
Aakash Chaudhari,productie
Dave David,productie
Amod Diwakar,productie
Nadine Freve,productie
Mark Goldberg,productie
Leonardo Andres Grabau Villalba,productie
Jonathan Gregoire,productie
Jeanne Hebert,productie
Pravin Hodage,productie
Cory Humes,productie
Siddarth Jambhulkar,productie
Mukesh Joshi,productie
Simon Lecavalier,productie
Christophe Longtin,productie
Oleg Memukhin,productie
Waseem Mohammed,productie
Dany Richard,productie
Nisarg Suthar,productie
Nitesh Sutrave,productie
Sarvesh Talekar,productie
Himani Tyagi,productie
Waseem Ahmad Khan,productie
Rodrigo Albano,productie
Don Carlo Alvir,productie
Leanndro Amorim,productie
Seshadri Anand,productie
Blake Anderson,productie
Schuyler Anderson,productie
Edwin Arismendez,productie
Jessica Bayliss,productie
Sudhakar Bhavanasi,productie
Alan Bisht,productie
William Blanchette,productie
Jordan Boulais,productie
J. Alan Bradshaw,productie
Peter Braeley,productie
Charlotte Breton,productie
Alex Bronfman,productie
Jonathan Bronfman,productie
Dennis Chan,productie
Hardik Chauhan,productie
Molly Chen,productie
Sujesh V. Chitty,productie
Nolan Conrad,productie
Andres Couturier,productie
Madhu Dasyapu,productie
Rodrigo de Angelis,productie
Sofia Diaz,productie
Maya Dumont-Deslandes,productie
Abdullah Ecirli,productie
Manoj Kumar Elangovan,productie
Michael Enzbrunner,productie
Timothy Fleur,productie
Adam Fok,productie
Gil Franco,productie
Emily Funk,productie
Antonio Gallardo,productie
Gregory Galliani,productie
Igor Garanovschii,productie
Kunal Ghai,productie
Rakan Ghresi,productie
Jimmy Gill,productie
Yash Gowda,productie
Jameer Haider,productie
Lewis Hawkes,productie
Jim Hillin,productie
Curtis Hsiung,productie
Chen Kuang Hsu,productie
Salvatore Iamonte,productie
Pragati Jana,productie
Juyong Jeon,productie
Kenny Jia,productie
Laszlo Kalbache,productie
Ashraf Karim,productie
Sharad Kate,productie
Min Kim,productie
Jamie Knoop,productie
Ashwini Lad,productie
Nadege Lagueux-Beloin,productie
Tukaram Landbale,productie
Dany Lebrasseur,productie
Kate T.C. Lin,productie
Matthias Lowry,productie
Jimmy Lue,productie
Jim Maxwell,productie
Jay Mehta,productie
Kristine Middlemiss,productie
Ali Mio,productie
Guto Miranda,productie
Vashishta Mohit,productie
Lon Molnar,productie
Jose Ignacio Narvez Monroy,productie
Atyeb Muneer,productie
Ganesh Ramdas Nalle,productie
Michael Naphan,productie
Marla Oriol,productie
Daksh Pandya,productie
Niki Patterson,productie
Aravind Pauldurai,productie
Victor Perez,productie
Navin Pinto,productie
Norman Ran,productie
Parastu Rezaie,productie
Jean-Christophe Rodier,productie
Dmitry Ryabchuk,productie
Maryam Salehi,productie
Rajvinder Sandhu,productie
Eric Sanford,productie
Rohan Sapkal,productie
Alexandre Savard-Boisvert,productie
Mark Schreiber,productie
Aryan Sehgal,productie
Ronak Shah,productie
Neelima Sharma,productie
Vishal Shitole,productie
Casey Sincic,productie
Lovelesh Singh,productie
Kalpana Mahapatro Siromani,productie
Joseph Soloway,productie
Meredith Sproul,productie
Danny Testani,productie
Ali Thaheem,productie
Hyacinthe Thomas,productie
Phillip Thomas,productie
Susana Vasquez,productie
Marcus Vinicius,productie
Louis Vottero,productie
Tina Vuu,productie
Tanja Wax,productie
Christina Wise,productie
Jill Wu,productie
Alphonso Young,productie
Refo Yovarda,productie
Virpalsinh Zala,productie
Abin Abraham,productie
Adrian Bobb,productie
Eddie Bonin,productie
Remi Bruschini,productie
Binod Kumar Das,productie
Tiago Foa,productie
Jaime Fok,productie
J.P. Giamos,productie
Martin Hesselink,productie
Rushikesh Chandrashekhar Kamble,productie
Daniel May,productie
Rachad Meya,productie
Shoupal Panda,productie
Josephin Peichl,productie
Rakesh,productie
Kim Rampaul,productie
Saha Saikat,productie
Seema Schere,productie
Surajit Senapati,productie
Satyendra Sharma,productie
Prathamesh Ashok Waykole,productie
Dean Wright,productie
Dylan Botnarenko,productie
Arjun Jasmeet Chawla,productie
Dennis Tae Wook Kim,productie
Hoss Ghaith,productie
Solyi Ha,productie
Caylee Han,productie
Krista Wettlaufer,productie
Christopher Lee Zammit,productie
Felipe Baldo,productie
Marc-Antoine Blais,productie
Adrien Francomme,productie
Eduardo Gonzalves,productie
Alexander Greenberg,productie
Prashant Jain,productie
Hossein Karamian,productie
Giuseppe Motta,productie
Chokkarapu Sai Pradeep,productie
Pedro Roloff,productie
Ilija Sazdovski,productie
Jason Schick,productie
Christa Tazzeo,productie
Sekh Batul Ali,productie
Luca Buonopane,productie
Julian Fadalti,productie
Nitin Garg,productie
Avinash Kodali,productie
Genevieve Morneau,productie
Alex Park,productie
Evan Roberts,productie
Pavankumar Sagiraju,productie
Yulia Segura,productie
Amarjit Singha,productie
Brett Chan,productie
Ionut Cotruta,productie
Jason Ng,productie
Jenny Umbhau,productie
Fanel Ursu,productie
Andrei Vintileanu,productie
Daniel Visan,productie
Nailah Johnson,productie
Kinga Kives,productie
Alexandre Lopoka,productie
Milena Brewster,productie
Maxime Coulon,productie
Gabrielle Anne Desy,productie
Victoria Goodman,productie
Daniel Himschoot,productie
Matt Kennedy,productie
Kaanchana Kerr,productie
Darlene Pineda,productie
Phedra Syndelle,productie
Alexandra Vilcsek,productie
Donet Bankuti,productie
Vlad Cioplea,productie
David Dorohoianu,productie
Omar Dughouz,productie
Daniel Farkas,productie
Robert Fenichiu,productie
Cristi Fratoaica,productie
Toni Ilinca,productie
Ochiana Ionut,productie
Andrei Karastanef,productie
Brad Larner,productie
Tudor Lucaciu,productie
Radu Marinescu,productie
Florin Mihalache,productie
Mihai Adrian Olteanu,productie
Andrei Petrescu,productie
Liviu Pojoni Jr.,productie
Florea Andrei Stefan,productie
Viorel Stefan,productie
Adelina Vancea,productie
Petre Victor,productie
Rob Arrowsmith,productie
Andrei Cretan,productie
Fabrizio Sciarra,productie
Boroka Biro,productie
Valdas Gulbinauskas,productie
Matei Popa,productie
Sandor Arkus,productie
Cornel Biciu,productie
Neil Bradley,productie
Alexandru Durac,productie
Sarbu Gigi,productie
Ben Parish,productie
Aurelian Radu,productie
Ian Seabrook,productie
Constantin Stan,productie
Alexandru Bogdan Stefan,productie
Balazs Virszegi,productie
Jens Winkler,productie
Catalin Popa,productie
Peter Driscoll,productie
Whitney Strouth,productie
Emily Bohbrink,productie
Sindad Donnelly,productie
Radu Dragoi,productie
Frankie Fearis,productie
Olissa Rogers,productie
Chandra Ruegg,productie
Fiona Weir,productie
Sarah Wilson,productie
Maddalena Zuppetta,productie
George Ludlow,productie
Ioana Albaiu,productie
Madalina Anton,productie
Mattia Bionda,productie
Mariana Bujoi,productie
Maria Ciucanu,productie
Ylenia Comerci,productie
Lavinia Dedu,productie
Constantinescu Denisa,productie
Andreea Dinu,productie
Maria Endara,productie
Cristina Ghergheli,productie
Megan Howell,productie
Daniela Ilin,productie
Benjamin Ip,productie
Ana Lazar,productie
Paula Lazaroni,productie
Twan Lentjes,productie
Ioana Mihailescu,productie
Alessio O'Driscoll,productie
Ioana Somanescu,productie
Bobby Soutar,productie
Mark Sutherland,productie
Beth Tilley,productie
Jess Willcock-Stow,productie
Elizabeta Zainea,productie
Marta Airoli,productie
Ian Frazer Wallace,productie
Adina Bucur,productie
Claudia Littlefield,productie
Alina Caprian,productie
Madison D'Urbano,productie
Bogdan Geambasu,productie
Katherine Hul,productie
Razvan Ilinca,productie
Tom Mayclim,productie
Ian Passy,productie
Sebastian Plamadeala,productie
Carmen Rizac,productie
Joanne Rourke,productie
Alexandru Stoica,productie
Ian Sullivan,productie
Lavinia Terletchi,productie
Viktorija Tupikaite,productie
Motassem Younes,productie
Galina Chakarova,productie
Mihai Cosmin Popa,productie
Paul G. Day,productie
Cristi Dogaru,productie
Calin Hagima,productie
Tracey Savein,productie
Alex Molea,productie
Mircea Paraschiv,productie
Florin Patrascu,productie
Chris Bacon,productie
Sarah Chapeck,productie
Norbert Elek,productie
Danny Elfman,productie
Peter Kohrman,productie
Jen Malone,productie
Mandy Mamlet,productie
Alveti Matyas,productie
Michael T. Ryan,productie
Balint Sapszon,productie
Viktor Szabo,productie
Nicole Weisberg,productie
Shachar Boussani,productie
Robert Litton,productie
Noah Scot Snyder,productie
Esin Aydingoz,productie
Hemanth965,productie
Steve Bartek,productie
Bence Bob�k,productie
David G. Russell,productie
Greg Hayes,productie
Bri Holland,productie
Alfredo Pasquel,productie
Cristina Balea,productie
Monica Tatu,productie
Daniel Sipocz,productie
Pal Szilard Levente,productie
Priscila Amescua-Mendez,productie
Dogaru Silviu Andrei,productie
Aaron Becker,productie
Gergo Benkoczy,productie
Dascalu Bogdan,productie
Teo Bostanica,productie
Alexandra Cranga,productie
Razvana Cristescu,productie
Claudia Dediu,productie
Penny Dyer,productie
Zoltan Horkai,productie
Ana Ineni,productie
Emanuel Gabriel Ion,productie
Gavriloaia Irina,productie
Peter Ivanyi,productie
Austin Kircher,productie
Christopher Landry,productie
Nelson Moses Lassiter,productie
Ioana Macarie,productie
Cosmin Manea,productie
Elle McAlpine,productie
Troy James Miller,productie
Dan Mirea,productie
Ioana Mititelu,productie
Kristine Popovici,productie
Aurel Nicolae Radu,productie
Olesea Railean,productie
Adrian Sabau,productie
Iulia Anamaria Sima,productie
Daniela Soare,productie
Adam M. Stone,productie
Cat Stone,productie
Georgiana Tamaga,productie
Logi Thorvaldsson,productie
Toria Turner,productie
Tony Wright,productie
Bianca Bumbacea,productie
Lindsay Moffat,productie
Gunnar Sizemore,productie
Bacula Sorin,productie
Monica Adam,productie
Liliana Chomsky,productie
Vanessa Coffey,productie
Marius Florescu,productie
Marilyn Lindsay,productie
Rhidian Bridge,productie
Bianca Bumvacea,productie
Luke Carroll,productie
Ahmed El-Gallad,productie
Jorge Garcia Castro,productie
Adam Lannon,productie
Sarah McGuinness,productie
Annabel Wilkin,productie
Eugene Shawn,productie
Ana Duarte,productie
Isaac Sunderland,productie
Moraru Raluca,figurant
Ionescu Maria,figurant
Pascu Catalin,figurant
Bucur Maria,figurant
Moraru Cristina,figurant
Banica Adrian,figurant
Capeleanu Catalin,figurant
Bucur Monica,figurant
Vlad Georgeta,figurant
Moraru Ana,figurant
Desliu Ioana,figurant
Desliu Adrian,figurant
Schianu Ion,figurant
Botescu Mihai,figurant
Moraru Mihaela,figurant
Bohiltea Ana,figurant
Pascu Georgeta,figurant
Nanu Ion,figurant
Desliu Ioana,figurant
Nanu Mihai,figurant
Capeleanu Catalin,figurant
Banica Mihai,figurant
Bohiltea Andrei,figurant
Botescu Lavinia,figurant
Pascu Catalin,figurant
Ionescu Alexandru,figurant
Dorobantu Mihaela,figurant
Mihaescu Mihaela,figurant
Banica Ana,figurant
Mihaescu Ana,figurant
Ionescu Andrei,figurant
Banica Lavinia,figurant
Nanu Cristina,figurant
Moraru Catalin,figurant
Capeleanu Ioana,figurant
Dorobantu Alexandru,figurant
Desliu Mihaela,figurant
Bucur Adrian,figurant
Dorobantu Ana,figurant
Capeleanu Cristina,figurant
Dorobantu Andrei,figurant
Capeleanu Monica,figurant
Dorobantu Georgeta,figurant
Nanu Adrian,figurant
Nanu Adrian,figurant
Mihaescu Adrian,figurant
Desliu Monica,figurant
Bohiltea Monica,figurant
Dorobantu Ion,figurant
Ionescu Alexandru,figurant
Nanu Ion,figurant
Botescu Raluca,figurant
Banica Cristina,figurant
Desliu Ana,figurant
Pascu Catalin,figurant
Capeleanu Georgeta,figurant
Mihaescu Monica,figurant
Vlad Ioana,figurant
Pascu Andrei,figurant
Pascu Maria,figurant
Moraru Adrian,figurant
Botescu Ion,figurant
Capeleanu Ana,figurant
Banica Mihai,figurant
Moraru Mihaela,figurant
Bohiltea Adrian,figurant
Dorobantu Ioana,figurant
Ionescu Raluca,figurant
Desliu Mihaela,figurant
Capeleanu Ana,figurant
Bohiltea Mihaela,figurant
Schianu Maria,figurant
Botescu Catalin,figurant
Capeleanu Raluca,figurant
Vlad Maria,figurant
Capeleanu Catalin,figurant
Schianu Lavinia,figurant
Desliu Cristina,figurant
Bucur Georgeta,figurant
Schianu Raluca,figurant
Bohiltea Alexandru,figurant
Ionescu Georgeta,figurant
Banica Raluca,figurant
Dorobantu Cristina,figurant
Banica Cristina,figurant
Vlad Catalin,figurant
Mihaescu Mihai,figurant
Popescu Lavinia,figurant
Pascu Monica,figurant
Banica Cristina,figurant
Dorobantu Alexandru,figurant
Bucur Georgeta,figurant
Nanu Monica,figurant
Dorobantu Ioana,figurant
Moraru Ana,figurant
Ionescu Lavinia,figurant
Banica Cristina,figurant
Popescu Mihaela,figurant
Nanu Monica,figurant
Botescu Alexandru,figurant
Bucur Adrian,figurant
Vlad Alexandru,figurant
Moraru Ioana,figurant
Bucur Cristina,figurant
Botescu Mihai,figurant
Bucur Mihaela,figurant
Capeleanu Raluca,figurant
Bucur Ioana,figurant
Capeleanu Ion,figurant
Popescu Ion,figurant
Dorobantu Mihai,figurant
Popescu Mihai,figurant
Banica Alexandru,figurant
Popescu Monica,figurant
Moraru Catalin,figurant
Dorobantu Ioana,figurant
Botescu Alexandru,figurant
Botescu Lavinia,figurant
Mihaescu Mihai,figurant
Capeleanu Raluca,figurant
Bucur Catalin,figurant
Schianu Maria,figurant
Vlad Maria,figurant
Nanu Lavinia,figurant
Popescu Maria,figurant
Popescu Alexandru,figurant
Pascu Ana,figurant
Nanu Adrian,figurant
Mihaescu Ioana,figurant
Nanu Ana,figurant
Bucur Georgeta,figurant
Dorobantu Ion,figurant
